Date (date),State Name (state_name),State Code (state_code),District Name (district_name),District Code (district_code),Station Name (station_name),Latitude (latitude),Longitude (longitude),Basin (basin),Sub Basin (sub_basin),Source (source),Depth to Water Level (currentlevel),Level Difference (level_diff)
"2021-01-09","Odisha","21","Kalahandi","358","Gunupur","19.60833","83.11667","East Flowing Rivers Between Mahanadi And Pennar","Nagvati And Other","CGWB","1.21","0.32"
"2019-09-29","Tamil Nadu","33","Tiruppur","634","Dharapuram2","10.73889","77.52917","Cauvery","Cauvery Middle","CGWB","2.95","-2.7"
"2019-04-05","Tamil Nadu","33","Sivaganga","585","Singapuneri","10.18417","78.42361","East Flowing Rivers Between Pennar And Kanyakumari","Pamba And Others","CGWB","8.5","0.04"
"2013-04-16","Odisha","21","Mayurbhanj","365","Dhanpur","21.77583","86.84722","Subernarekha","Subernarekha","CGWB","4.16","-0.89"
"2014-06-12","Assam","18","Dhemaji","284","Bhagaban charali","27.5","94.54444","Brahamaputra","Brahmaputra Upper","CGWB","9.0","-0.25"
"2016-10-21","Tamil Nadu","33","Cuddalore","570","Kurinjipadi","11.5625","79.59167","East Flowing Rivers Between Pennar And Kanyakumari","Ponnaiyar And Other","CGWB","4.19","-1.33"
"2016-08-26","Kerala","32","Kannur","557","Pazhayangadi","12.01667","75.26667","West Flowing Rivers From Tadri To Kanyakumari","Netravati And Others","CGWB","1.5","0.4"
"2015-11-04","Chhattisgarh","22","Bilaspur","375","Daukapa","22.09","81.82528","Mahanadi","Mahanadi Upper","CGWB","2.7","1.33"
"2013-01-04","Telangana","36","Khammam","509","Garla","17.49167","80.14583","Krishna","Krishna Lower","CGWB","3.07","2.04"
"2016-08-24","Maharashtra","27","Latur","481","Chapoli","18.575","76.91389","Godavari","Manjra","CGWB","7.83","-7.17"
"2016-08-26","West Bengal","19","Purba Bardhaman","306","Bannabagram-1","23.52722","87.62389","Ganga","Bhagirathi And Others (Ganga Lower)","CGWB","3.89","-3.8"
"2013-01-04","Karnataka","29","Tumakuru","548","Chikkapalanahalli","13.43333","77.23333","Pennar","Pennar Upper","CGWB","4.0","-4.12"
"2013-11-04","Uttar Pradesh","9","Saharanpur","177","Bagh colony","30.34667","77.60444","Ganga","Yamuna Upper","CGWB","3.0","1.2"
"2018-11-04","Karnataka","29","Hassan","539","Shirdanahalli","12.75583","75.96917","Cauvery","Cauvery Upper","CGWB","5.2","1.85"
"2018-11-04","Karnataka","29","Uttara Kannada","550","Madanur","15.03333","74.85222","West Flowing Rivers From Tapi To Tadri","Vasishti And Others","CGWB","2.45","1.0"
"2015-11-04","Goa","30","North Goa","551","Mapuca","15.60944","73.82639","West Flowing Rivers From Tapi To Tadri","Vasishti And Others","CGWB","3.14","0.14"
"2017-04-16","Odisha","21","Balangir","345","Chormara","20.30472","83.29167","Mahanadi","Mahanadi Lower","CGWB","4.71","1.61"
"2017-01-04","Karnataka","29","Shivamogga","547","Bhadravati1","13.86667","75.73333","Krishna","Tungabhadra Upper","CGWB","2.25","1.25"
"2020-07-07","Rajasthan","8","Alwar","87","RAMGARH1","27.58333","76.80972","Ganga","Yamuna Middle","CGWB","16.72","-13.09"
"2013-11-04","Tamil Nadu","33","Cuddalore","570","Sethiathope","11.46667","79.63333","East Flowing Rivers Between Pennar And Kanyakumari","Ponnaiyar And Other","CGWB","9.31","-9.96"
"2013-11-04","Karnataka","29","Ballari","528","Ramasagarahatti","14.75583","76.60444","Krishna","Tungabhadra Lower","CGWB","4.47","-0.53"
"2014-05-14","Uttar Pradesh","9","Budaun","133","Gunnaur1","28.23333","78.43333","Ganga","Above Ramganga Confluence","CGWB","4.91","0.34"
"2018-05-04","Tamil Nadu","33","Theni","588","Veerapandi","9.9625","77.45","East Flowing Rivers Between Pennar And Kanyakumari","Pamba And Others","CGWB","4.18","1.97"
"2017-11-04","Madhya Pradesh","23","Mandla","415","Rampuri New","22.40861","80.26417","Godavari","Weinganga","CGWB","2.92","0.34"
"2015-01-05","Tripura","16","West Tripura","272","Champaknagar","23.80833","91.49167","Barak And Others","Naoch Chara And Others","CGWB","1.98","0.87"
"2015-11-06","West Bengal","19","South 24 Parganas","304","Budge Budge","22.48333","88.2","Ganga","Bhagirathi And Others (Ganga Lower)","CGWB","0.78","-0.62"
"2019-08-10","Karnataka","29","Hassan","539","Arsikere","13.28333","76.28333","Krishna","Tungabhadra Lower","CGWB","1.4","-1.23"
"2014-08-24","Maharashtra","27","Yavatmal","500","Dahegaon","20.09889","78.26722","Godavari","Wardha","CGWB","5.5","0.5"
"2019-01-09","Odisha","21","Balangir","345","Dhomana Donga","20.42694","82.90917","Mahanadi","Mahanadi Lower","CGWB","4.95","2.25"
"2020-08-24","Telangana","36","Ranga Reddy","518","Chitiyal-Dwalt","17.12556","77.96722","Krishna","Krishna Lower","CGWB","3.04","-3.19"
"2016-08-24","Jammu And Kashmir","1","Kathua","7","Chapki Kalan","32.44722","75.31472","Indus (Up To Border)","Ravi","CGWB","7.38","-10.8"
"2020-08-24","Telangana","36","Ranga Reddy","518","Bashirabad 2010Pz","17.21694","77.43056","Krishna","Bhima Lower","CGWB","14.52","-2.23"
"2015-01-04","Uttar Pradesh","9","Pilibhit","173","Bilsanda1","28.24167","79.94167","Ganga","Ramganga","CGWB","4.55","2.3"
"2015-01-06","Odisha","21","Boudh","349","Polam 2","20.86083","84.23889","Mahanadi","Mahanadi Lower","CGWB","5.05","3.0"
"2020-08-09","Tamil Nadu","33","Thoothukkudi","594","Karisalkulam","9.15","78.16667","East Flowing Rivers Between Pennar And Kanyakumari","Vaippar And Others","CGWB","8.86","-2.05"
"2017-11-06","West Bengal","19","Birbhum","307","Nischintapur pz","24.17806","87.76528","Ganga","Bhagirathi And Others (Ganga Lower)","CGWB","8.45","-2.87"
"2017-04-16","Kerala","32","Kollam","559","Nallila","8.92778","76.69167","West Flowing Rivers From Tadri To Kanyakumari","Periyar And Others","CGWB","5.37","-1.47"
"2017-11-04","Telangana","36","Nalgonda","514","Chikatguda-DW13","17.175","79.52028","Krishna","Krishna Lower","CGWB","2.05","0.54"
"2015-08-24","Bihar","10","Purbi Champaran","213","Khajuriachowk","26.37917","84.77917","Ganga","Gandak And Others","CGWB","0.93","-4.69"
"2013-01-01","Rajasthan","8","Churu","96","HARDESAR","28.64167","74.375","Area Of Inland Drainage In Rajasthan","Area Of Inland Drainage In Rajasthan","CGWB","58.66","10.26"
"2017-08-26","Odisha","21","Sundargarh","373","Birmitrapur","22.41028","84.73111","Brahmani And Baitarni","Brahmani","CGWB","1.4","-2.76"
"2016-08-24","Gujarat","24","Bharuch","442","Jambusar","22.05278","72.80556","Mahi","Mahi Lower","CGWB","7.05","1.35"
"2014-05-14","Andhra Pradesh","28","East Godavari","505","Santhacheruvu 2012","16.95","82.23","East Flowing Rivers Between Mahanadi And Pennar","Nagvati And Other","CGWB","1.65","0.3"
"2017-05-06","Tamil Nadu","33","Ramanathapuram","583","Ramanathapuram2","9.36667","78.78333","East Flowing Rivers Between Pennar And Kanyakumari","Pamba And Others","CGWB","4.55","-1.08"
"2018-05-31","Punjab","3","Sri Muktsar Sahib","39","Bhiti Wala-Pz","29.97611","74.49778","Indus (Up To Border)","Sutlaj Lower","CGWB","3.57","0.52"
"2014-11-06","Odisha","21","Boudh","349","Kusang","20.58833","84.65722","Mahanadi","Mahanadi Lower","CGWB","4.11","0.45"
"2018-05-29","Bihar","10","Banka","190","Amarpur ps","25.05417","86.90417","Ganga","Gandak And Others","CGWB","5.43","1.91"
"2016-01-04","Gujarat","24","Junagadh","448","Saradiya","21.58861","70.0375","West Flowing Rivers Of Kutch And Saurashtra Including Luni","Bhadar And Other West Flowing Rivers","CGWB","13.1","9.98"
"2017-04-16","Kerala","32","Kottayam","560","Mukkada","9.46667","76.8","West Flowing Rivers From Tadri To Kanyakumari","Periyar And Others","CGWB","9.16","-0.7"
"2015-08-24","Andhra Pradesh","28","Ananthapuramu","502","Anantapur-PZ","14.675","77.60833","Pennar","Pennar Upper","CGWB","6.35","0.02"
"2013-11-04","Madhya Pradesh","23","Narmadapuram","409","Bhilatdeo","22.49083","77.52833","Narmada","Narmada Middle","CGWB","4.71","3.5"
"2015-05-14","Uttar Pradesh","9","Kaushambi","158","Sarai akil","25.375","81.51333","Ganga","Yamuna Lower","CGWB","14.28","0.54"
"2014-08-04","Madhya Pradesh","23","Neemuch","419","Manasa","24.47056","75.14389","Ganga","Chambal Upper","CGWB","8.6","1.61"
"2018-08-19","Karnataka","29","Mysuru","545","Ibjala","12.11278","76.44694","Cauvery","Cauvery Middle","CGWB","3.1","-1.3"
"2015-01-04","Rajasthan","8","Bhilwara","92","KOTARI","25.39722","74.89167","Ganga","Banas","CGWB","8.27","1.08"
"2016-01-04","Karnataka","29","Uttara Kannada","550","Gunavante","14.22111","74.46694","West Flowing Rivers From Tadri To Kanyakumari","Netravati And Others","CGWB","5.7","0.82"
"2019-04-30","Karnataka","29","Shivamogga","547","Arahatodalu","13.97917","75.74028","Krishna","Tungabhadra Upper","CGWB","1.45","0.65"
"2018-08-30","Odisha","21","Kalahandi","358","Bandigaon","19.60694","82.81389","Mahanadi","Mahanadi Lower","CGWB","0.2","-4.9"
"2014-08-24","Karnataka","29","Ramanagara","631","Hegganur","12.33333","77.45","Cauvery","Cauvery Middle","CGWB","4.78","1.29"
"2017-02-07","Tamil Nadu","33","Tiruppur","634","Dharapuram2","10.73889","77.52917","Cauvery","Cauvery Middle","CGWB","6.33","2.03"
"2017-11-06","Odisha","21","Sonepur","372","Phulmuthi","20.995","83.79222","Mahanadi","Mahanadi Lower","CGWB","2.17","0.65"
"2016-11-04","Maharashtra","27","Chandrapur","473","Morwa (P1)_Pz","19.995","79.22778","Godavari","Wardha","CGWB","5.25","-0.95"
"2021-01-09","Madhya Pradesh","23","Narsimhapur","418","Bauchhar","22.98694","79.33361","Narmada","Narmada Upper","CGWB","5.64","2.58"
"2015-08-16","Assam","18","Dhemaji","284","Bhagaban charali","27.5","94.54444","Brahamaputra","Brahmaputra Upper","CGWB","9.0","-0.38"
"2019-08-30","Uttar Pradesh","9","Prayagraj","120","Mallhan","25.61111","82.09722","Ganga","Upstream Of Gomti Confluece To Muzaffarnagar","CGWB","6.72","-0.45"
"2017-11-04","Gujarat","24","Bharuch","442","Nirnavi","21.79167","72.66806","Mahi","Mahi Lower","CGWB","3.26","-3.54"
"2013-10-23","Tamil Nadu","33","Ramanathapuram","583","Ramanathapuram2","9.36667","78.78333","East Flowing Rivers Between Pennar And Kanyakumari","Pamba And Others","CGWB","0.68","-3.62"
"2015-05-14","Gujarat","24","Valsad","462","Dharampur1","20.53639","73.17056","West Flowing Rivers From Tapi To Tadri","Bhatsol And Others","CGWB","10.83","4.65"
"2017-01-04","Uttar Pradesh","9","Pratapgarh","174","Bishahia","25.57083","81.57083","Ganga","Upstream Of Gomti Confluece To Muzaffarnagar","CGWB","4.4","0.28"
"2017-05-02","Tamil Nadu","33","Cuddalore","570","Maruthur2","11.49222","79.60278","East Flowing Rivers Between Pennar And Kanyakumari","Ponnaiyar And Other","CGWB","42.4","1.12"
"2017-01-04","Maharashtra","27","Wardha","498","Nagalwadi","21.16667","78.43333","Godavari","Wardha","CGWB","9.93","1.7"
"2018-01-21","Tamil Nadu","33","Tiruppur","634","Karamadai","11.24583","77.2125","Cauvery","Cauvery Middle","CGWB","2.17","0.35"
"2019-01-09","Bihar","10","Siwan","222","Andar","26.10833","84.29583","Ganga","Ghaghara","CGWB","6.14","1.01"
"2018-05-19","Maharashtra","27","Ratnagiri","492","Vakvali","17.75","73.28333","West Flowing Rivers From Tapi To Tadri","Vasishti And Others","CGWB","4.0","2.1"
"2014-01-04","Madhya Pradesh","23","Dhar","403","Chayan","23.02472","75.13667","Mahi","Mahi Upper","CGWB","7.39","0.68"
"2017-01-04","Madhya Pradesh","23","Bhind","395","Nahrakapura","26.63694","78.94167","Ganga","Chambal Lower","CGWB","34.9","8.8"
"2015-05-14","Karnataka","29","Ballari","528","Sirigeri","15.43333","76.84167","Krishna","Tungabhadra Lower","CGWB","0.8","-0.4"
"2019-08-16","Tamil Nadu","33","Thoothukkudi","594","Karisalkulam","9.15","78.16667","East Flowing Rivers Between Pennar And Kanyakumari","Vaippar And Others","CGWB","10.91","2.05"
"2020-01-09","Telangana","36","Adilabad","501","Syampur","19.4225","78.73944","Godavari","Pranhita And Others","CGWB","2.95","1.4"
"2019-05-30","Uttar Pradesh","9","Bahraich","125","Razichauraha","27.41111","81.37833","Ganga","Ghaghara","CGWB","2.14","0.67"
"2017-04-27","Tamil Nadu","33","Cuddalore","570","Maruthur2","11.49222","79.60278","East Flowing Rivers Between Pennar And Kanyakumari","Ponnaiyar And Other","CGWB","39.8","-2.6"
"2013-03-11","Madhya Pradesh","23","Shajapur","430","Panwadi","23.50444","76.40389","Ganga","Kali Sindh And Others Up To Confluence With Parbati","CGWB","2.56","-7.3"
"2017-12-31","Haryana","6","Bhiwani","59","Sui","28.85694","76.06667","Area Of Inland Drainage In Rajasthan","Area Of Inland Drainage In Rajasthan","CGWB","1.77","0.27"
"2019-01-14","West Bengal","19","Jalpaiguri","314","Jateswar","26.6","89.15","Brahamaputra","Brahmaputra Lower","CGWB","2.3","0.08"
"2016-08-24","Chhattisgarh","22","Jashpur","380","Bangaon B","22.89056","83.81139","Mahanadi","Mahanadi Middle","CGWB","3.4","-4.92"
"2017-11-04","Jammu And Kashmir","1","Jammu","5","Patli","32.60833","74.94583","Indus (Up To Border)","Chenab","CGWB","6.46","1.04"
"2017-05-14","Rajasthan","8","Jodhpur","107","BUJAWAR","26.225","72.90833","West Flowing Rivers Of Kutch And Saurashtra Including Luni","Luni Upper","CGWB","19.34","1.8"
"2014-11-06","West Bengal","19","Bankura","305","Jayrampur1","23.17944","87.33972","Ganga","Damodar","CGWB","3.06","2.01"
"2018-11-04","Karnataka","29","Raichur","546","Gandhalu","15.97639","77.41194","Krishna","Tungabhadra Lower","CGWB","1.85","-0.9"
"2014-11-06","Kerala","32","Kottayam","560","Udayanapuram","9.77278","76.395","West Flowing Rivers From Tadri To Kanyakumari","Periyar And Others","CGWB","1.03","0.33"
"2019-01-07","Chhattisgarh","22","Janjgir-Champa","379","Bamnidihi","21.9","82.71667","Mahanadi","Mahanadi Middle","CGWB","5.5","0.2"
"2020-11-29","Andhra Pradesh","28","Krishna","510","Mandavalli-Dw","16.51","81.15","East Flowing Rivers Between Mahanadi And Pennar","East Flowing Rivers Between Godavari And Krishna","CGWB","0.83","-0.51"
"2016-11-04","Rajasthan","8","Banswara","88","Danakhari","23.5575","74.60111","Mahi","Mahi Upper","CGWB","1.54","-0.02"
"2017-01-04","Bihar","10","Vaishali","224","Tariya Supaul","25.84972","85.44194","Ganga","Gandak And Others","CGWB","3.95","0.65"
"2019-05-26","Goa","30","South Goa","552","Majorda Bpada Curilo","15.32444","73.91778","West Flowing Rivers From Tapi To Tadri","Vasishti And Others","CGWB","5.61","1.19"
"2017-01-04","Karnataka","29","Chamarajanagara","531","Ramapura","12.00278","77.40278","Cauvery","Cauvery Middle","CGWB","8.92","5.11"
"2013-08-24","Chhattisgarh","22","Jashpur","380","Palidih","22.55806","83.50694","Mahanadi","Mahanadi Middle","CGWB","8.2","-0.5"
"2023-02-20","Tamil Nadu","33","Tiruppur","634","Dharapuram2","10.73889","77.52917","Cauvery","Cauvery Middle","CGWB","2.25","-0.15"
"2019-08-29","Bihar","10","Bhojpur","193","Farhda","25.68167","84.65444","Ganga","Ghaghara Confluence To Gomti Confluence","CGWB","1.23","-5.98"
"2018-01-09","Gujarat","24","Bharuch","442","Sindhav","22.02694","72.63611","Mahi","Mahi Lower","CGWB","2.03","-4.53"
"2015-01-06","West Bengal","19","Purulia","321","Kotshila","23.45","86.00833","Ganga","Damodar","CGWB","4.5","2.58"
"2016-08-26","West Bengal","19","Purulia","321","Podalaroad","23.35","86.4","Ganga","Damodar","CGWB","1.42","-6.18"
"2017-04-16","Kerala","32","Malappuram","562","Pukattery","10.88333","76.075","West Flowing Rivers From Tadri To Kanyakumari","Varrar And Others","CGWB","9.64","0.34"
"2014-08-24","Maharashtra","27","Solapur","496","Chincholi","17.6","76.05","Krishna","Bhima Lower","CGWB","8.6","-1.0"
"2017-01-04","Karnataka","29","Chikkamagaluru","532","Kottigehara","13.125","75.50417","West Flowing Rivers From Tadri To Kanyakumari","Netravati And Others","CGWB","6.97","1.01"
"2021-03-22","Haryana","6","Kurukshetra","68","Jogna Khera","29.97361","76.82778","Indus (Up To Border)","Ghaghar And Others","CGWB","33.3","-3.1"
"2014-08-24","Madhya Pradesh","23","Ujjain","435","Baijnath","23.60278","75.75889","Ganga","Chambal Upper","CGWB","5.3","-3.5"
"2018-01-07","Madhya Pradesh","23","Damoh","400","Nohta","23.67833","79.57361","Ganga","Yamuna Lower","CGWB","3.05","0.03"
"2016-11-04","Karnataka","29","Mysuru","545","Mullur","11.98389","76.46667","Cauvery","Cauvery Middle","CGWB","14.92","-1.18"
"2017-08-24","Telangana","36","Medak","513","Munipally","17.69028","77.875","Godavari","Manjra","CGWB","11.72","-0.83"
"2019-04-07","Kerala","32","Kozhikode","561","Kunnumakkara","11.67278","75.58056","West Flowing Rivers From Tadri To Kanyakumari","Varrar And Others","CGWB","3.3","1.2"
"2017-01-04","Goa","30","North Goa","551","Bori","15.35556","74.00333","West Flowing Rivers From Tapi To Tadri","Vasishti And Others","CGWB","1.22","-0.15"
"2014-01-06","West Bengal","19","Howrah","313","Shyampur2","22.3","88.02472","Ganga","Bhagirathi And Others (Ganga Lower)","CGWB","1.59","0.68"
"2018-01-04","Madhya Pradesh","23","Mandsaur","416","Fatehgarh Npz","23.98167","75.10333","Ganga","Chambal Upper","CGWB","6.75","1.75"
"2016-01-04","Karnataka","29","Dakshina Kannada","534","Perar","12.98083","74.91611","West Flowing Rivers From Tadri To Kanyakumari","Netravati And Others","CGWB","7.8","1.42"
"2014-03-01","Madhya Pradesh","23","Neemuch","419","Manasa","24.47056","75.14389","Ganga","Chambal Upper","CGWB","5.18","-1.81"
"2019-11-12","Madhya Pradesh","23","Sidhi","433","Semariha","24.13278","81.55222","Ganga","Sone","CGWB","2.5","0.15"
"2019-08-19","Andhra Pradesh","28","Guntur","506","Kolluru-DW14","16.16667","80.805","Krishna","Krishna Lower","CGWB","0.75","-2.73"
"2013-05-14","Bihar","10","Patna","212","Mokama","25.50417","85.29583","Ganga","Gandak And Others","CGWB","5.27","-0.13"
"2019-08-29","Rajasthan","8","Ajmer","86","SARWAD","26.05","75.0","Ganga","Banas","CGWB","4.0","-0.1"
"2016-05-14","Madhya Pradesh","23","Betul","394","Bhonra","22.27778","77.86972","Narmada","Narmada Upper","CGWB","6.45","2.65"
"2017-12-31","Punjab","3","Kapurthala","35","Chakoke-Pz","31.54111","75.38056","Indus (Up To Border)","Beas","CGWB","6.24","-0.52"
"2015-01-04","Madhya Pradesh","23","Rewa","424","Khatkhari","24.70889","81.9925","Ganga","Tons","CGWB","3.95","1.17"
"2014-11-04","Chhattisgarh","22","Bastar","374","Pharasgaon","19.85833","81.6375","Godavari","Indravati","CGWB","2.56","0.56"
"2013-08-24","Maharashtra","27","Pune","490","Belhe","19.13333","74.19306","Krishna","Bhima Upper","CGWB","16.33","-1.09"
"2013-11-04","Goa","30","South Goa","552","Collem(kolamba)","15.33417","74.24417","West Flowing Rivers From Tapi To Tadri","Vasishti And Others","CGWB","7.48","5.13"
"2016-05-14","Uttar Pradesh","9","Etah","138","Jaithra Pz-GWD","27.50972","79.01944","Ganga","Upstream Of Gomti Confluece To Muzaffarnagar","CGWB","8.44","0.6"
"2018-01-13","Madhya Pradesh","23","Katni","413","Majhgawan1","23.82167","80.49861","Ganga","Sone","CGWB","7.07","0.95"
"2020-08-24","Bihar","10","Gaya","196","Magra","24.43361","84.48556","Ganga","Gandak And Others","CGWB","0.6","-2.87"
"2017-11-04","Uttar Pradesh","9","Azamgarh","123","Kanauna","25.86667","82.9","Ganga","Ghaghara Confluence To Gomti Confluence","CGWB","2.14","1.18"
"2013-04-16","Kerala","32","Ernakulam","555","Illithode","10.20139","76.52778","West Flowing Rivers From Tadri To Kanyakumari","Periyar And Others","CGWB","7.62","-0.6"
"2020-08-24","Odisha","21","Mayurbhanj","365","Mahuldia","21.42778","86.16583","Brahmani And Baitarni","Baitarni","CGWB","1.8","-3.14"
"2019-08-19","Maharashtra","27","Ahmednagar","466","Ghogargaon-1","18.81194","74.89611","Krishna","Bhima Upper","CGWB","1.3","-7.08"
"2020-11-23","Tamil Nadu","33","Cuddalore","570","Kurinjipadi","11.5625","79.59167","East Flowing Rivers Between Pennar And Kanyakumari","Ponnaiyar And Other","CGWB","2.32","-3.73"
"2018-08-30","Madhya Pradesh","23","Ujjain","435","Gogapur Npz","23.55667","75.51611","Ganga","Chambal Upper","CGWB","2.86","-3.39"
"2014-01-04","Maharashtra","27","Ratnagiri","492","Pachad","17.48333","73.46694","West Flowing Rivers From Tapi To Tadri","Vasishti And Others","CGWB","0.75","-0.97"
"2016-05-14","Jharkhand","20","Dumka","326","Hansdiha pwdib","24.6","87.07083","Ganga","Bhagirathi And Others (Ganga Lower)","CGWB","8.73","3.82"
"2019-12-31","Delhi","7","South West","84","PUSA (NRL)","28.63917","77.16222","Ganga","Yamuna Upper","CGWB","30.33","-0.5"
"2013-05-18","Tamil Nadu","33","Ramanathapuram","583","Ramanathapuram2","9.36667","78.78333","East Flowing Rivers Between Pennar And Kanyakumari","Pamba And Others","CGWB","0.68","-2.91"
"2015-05-25","Tamil Nadu","33","Ramanathapuram","583","Ramanathapuram2","9.36667","78.78333","East Flowing Rivers Between Pennar And Kanyakumari","Pamba And Others","CGWB","4.1","1.82"
"2016-08-24","Karnataka","29","Koppal","543","Kengunti","15.80833","76.25833","Krishna","Tungabhadra Lower","CGWB","4.1","0.7"
"2017-05-14","Maharashtra","27","Dhule","474","Nizampur","21.1","74.33028","Tapi","Tapi Middle","CGWB","8.6","4.3"
"2019-08-21","Kerala","32","Kannur","557","Kannapuram","11.97778","75.30833","West Flowing Rivers From Tadri To Kanyakumari","Netravati And Others","CGWB","0.75","-2.23"
"2019-01-09","Odisha","21","Khordha","362","Patia","20.39806","85.79111","Mahanadi","Mahanadi Lower","CGWB","6.57","3.32"
"2015-01-06","Kerala","32","Thiruvananthapuram","565","Nemom","8.45694","77.00556","West Flowing Rivers From Tadri To Kanyakumari","Periyar And Others","CGWB","4.31","1.56"
"2017-01-06","Odisha","21","Puri","369","P-31 Sweta Ganga","19.80111","85.81861","Mahanadi","Mahanadi Lower","CGWB","5.77","3.67"
"2013-11-04","Telangana","36","Medak","513","Peroor","18.025","78.21944","Godavari","Manjra","CGWB","0.75","0.17"
"2015-01-04","Delhi","7","North","80","Burarai-Pz","28.76","77.2075","Ganga","Yamuna Upper","CGWB","3.81","0.15"
"2020-11-29","Gujarat","24","Kheda","450","Kheda","22.7375","72.70417","Sabarmati","Sabarmati Upper","CGWB","2.05","-1.77"
"2020-01-09","Odisha","21","Puri","369","Kalyanpur","20.05556","85.75417","Mahanadi","Mahanadi Lower","CGWB","1.7","0.6"
"2018-01-09","Odisha","21","Ganjam","354","Jayantipur","19.09389","84.61333","East Flowing Rivers Between Mahanadi And Pennar","Vamsadhara And Other","CGWB","2.33","2.24"
"2013-08-24","Rajasthan","8","Churu","96","DADREWA","28.66944","75.23333","Area Of Inland Drainage In Rajasthan","Area Of Inland Drainage In Rajasthan","CGWB","12.27","8.86"
"2014-11-04","Maharashtra","27","Nagpur","484","Chargaon (Punarwasi)","21.26667","78.75833","Godavari","Weinganga","CGWB","4.65","3.1"
"2015-11-04","Karnataka","29","Kalaburagi","538","Kadganchi1","17.45","76.66667","Krishna","Bhima Lower","CGWB","2.75","-1.8"
"2017-01-04","Madhya Pradesh","23","Chhatarpur","398","Gaurihar","25.26833","80.19444","Ganga","Yamuna Lower","CGWB","8.58","2.07"
"2014-08-24","Maharashtra","27","Thane","497","Kasa","19.91667","72.95","West Flowing Rivers From Tapi To Tadri","Bhatsol And Others","CGWB","1.48","-1.48"
"2022-01-10","Tamil Nadu","33","Tiruppur","634","Dharapuram2","10.73889","77.52917","Cauvery","Cauvery Middle","CGWB","2.4","0.15"
"2020-11-29","Odisha","21","Sambalpur","371","Rairakhol(rampu","21.06667","84.33333","Mahanadi","Mahanadi Lower","CGWB","3.17","-1.6"
"2020-11-29","Karnataka","29","Hassan","539","Kuppe","12.65833","76.1875","Cauvery","Cauvery Upper","CGWB","7.12","1.75"
"2017-11-04","Delhi","7","South","83","Humayun Tomb","28.595","77.25083","Ganga","Yamuna Upper","CGWB","7.91","-0.16"
"2018-01-04","Karnataka","29","Yadgir","635","Kurkunda","16.58333","77.1","Krishna","Bhima Lower","CGWB","7.91","-0.2"
"2017-11-04","Bihar","10","Gaya","196","Ram Kund","24.81167","85.01556","Ganga","Gandak And Others","CGWB","4.9","0.01"
"2013-08-24","Gujarat","24","Vadodara","461","Rasulpur","22.6","73.23333","Mahi","Mahi Lower","CGWB","1.3","-3.62"
"2013-05-14","Tamil Nadu","33","Kancheepuram","574","Tirumazhisai","13.0625","80.0625","East Flowing Rivers Between Pennar And Kanyakumari","Palar And Other","CGWB","6.0","1.38"
"2015-01-04","Madhya Pradesh","23","Chhindwara","399","Saonri(D)","21.96306","78.77556","Godavari","Weinganga","CGWB","59.24","5.0"
"2018-05-23","Maharashtra","27","Bhandara","471","Madgi","20.95","79.8","Godavari","Weinganga","CGWB","9.2","3.1"
"2016-08-26","Kerala","32","Thrissur","566","Akalad","10.63722","75.98806","West Flowing Rivers From Tadri To Kanyakumari","Varrar And Others","CGWB","3.11","-1.06"
"2013-11-04","Gujarat","24","Vadodara","461","Vega","22.15944","73.4125","Mahi","Mahi Lower","CGWB","3.15","0.65"
"2018-01-09","Maharashtra","27","Kolhapur","480","Nitawade","16.23333","74.05","Krishna","Krishna Upper","CGWB","9.3","8.3"
"2014-01-06","Kerala","32","Thrissur","566","Athani","10.61667","76.21667","West Flowing Rivers From Tadri To Kanyakumari","Varrar And Others","CGWB","7.95","1.6"
"2017-05-14","Maharashtra","27","Amravati","468","Chandur Bazar","21.23333","77.73333","Tapi","Tapi Upper","CGWB","23.95","4.1"
"2020-08-24","Himachal Pradesh","2","Kangra","18","Takipur","32.03333","76.25","Indus (Up To Border)","Beas","CGWB","1.5","-1.24"
"2017-01-04","Karnataka","29","Dakshina Kannada","534","Nidle","12.95417","75.38333","West Flowing Rivers From Tadri To Kanyakumari","Netravati And Others","CGWB","11.6","0.38"
"2020-11-29","Odisha","21","Anugul","344","Bamur","21.01167","84.48611","Mahanadi","Mahanadi Lower","CGWB","1.51","0.95"
"2014-08-24","Maharashtra","27","Yavatmal","500","Digras","20.1","77.71667","Godavari","Wardha","CGWB","3.85","0.05"
"2018-05-04","Tamil Nadu","33","Thiruvarur","590","Needamangalam","10.74583","79.47083","Cauvery","Cauvery Lower","CGWB","4.14","-0.89"
"2014-04-20","Tamil Nadu","33","Cuddalore","570","Sethiatope2","11.46667","79.55","East Flowing Rivers Between Pennar And Kanyakumari","Ponnaiyar And Other","CGWB","45.53","23.16"
"2018-05-19","Maharashtra","27","Latur","481","Deoni","18.26667","77.08333","Godavari","Manjra","CGWB","10.83","9.23"
"2013-08-24","Telangana","36","Nalgonda","514","S.Atmakur","17.225","79.69167","Krishna","Krishna Lower","CGWB","9.35","-1.05"
"2018-11-02","Assam","18","Dhemaji","284","Bhagaban charali","27.5","94.54444","Brahamaputra","Brahmaputra Upper","CGWB","7.01","4.51"
"2015-08-24","Madhya Pradesh","23","Anuppur","390","Jhiriyatola","23.21444","82.10417","Ganga","Sone","CGWB","5.7","-2.85"
"2014-05-14","Maharashtra","27","Nandurbar","486","Sundarde-1","21.38861","74.18806","Tapi","Tapi Middle","CGWB","6.9","-1.4"
"2018-05-19","Andhra Pradesh","28","East Godavari","505","Kesavaram-DW13","16.93389","81.8825","Godavari","Godavari Lower","CGWB","2.9","-0.02"
"2013-01-04","Uttar Pradesh","9","Deoria","137","Pathardewa(Narayanpur Kothi)","26.58333","84.0","Ganga","Ghaghara","CGWB","3.67","0.52"
"2019-01-09","Jammu And Kashmir","1","Rajouri","12","Siot","33.11667","74.38056","Indus (Up To Border)","Chenab","CGWB","3.9","-0.6"
"2016-11-04","Rajasthan","8","Banswara","88","Chand Ji Ka Guda","23.66667","74.3375","Mahi","Mahi Upper","CGWB","0.56","-0.09"
"2015-05-14","Karnataka","29","Mandya","544","HaleBudanur","12.54444","76.95833","Cauvery","Cauvery Middle","CGWB","4.85","-0.62"
"2021-01-09","West Bengal","19","Jalpaiguri","314","Moynaguri","26.6125","88.78056","Brahamaputra","Brahmaputra Lower","CGWB","4.45","1.77"
"2019-11-29","Uttar Pradesh","9","Fatehpur","142","Naubasta","25.87083","81.20833","Ganga","Upstream Of Gomti Confluece To Muzaffarnagar","CGWB","10.62","-0.46"
"2019-11-09","Gujarat","24","Amreli","439","Kodinar","20.8","70.69167","West Flowing Rivers Of Kutch And Saurashtra Including Luni","Bhadar And Other West Flowing Rivers","CGWB","2.66","-4.87"
"2015-05-14","Karnataka","29","Ramanagara","631","Helagalli","12.36639","77.41056","Cauvery","Cauvery Middle","CGWB","6.46","0.08"
"2020-04-21","Rajasthan","8","Alwar","87","RAMGARH1","27.58333","76.80972","Ganga","Yamuna Middle","CGWB","16.72","-13.09"
"2017-06-21","Tamil Nadu","33","Sivaganga","585","Singapuneri","10.18417","78.42361","East Flowing Rivers Between Pennar And Kanyakumari","Pamba And Others","CGWB","8.1","-1.0"
"2016-11-04","Karnataka","29","Bidar","529","Changler","17.625","77.41667","Godavari","Manjra","CGWB","11.78","2.28"
"2015-06-01","Madhya Pradesh","23","Raisen","421","Silwani","23.3","78.43972","Narmada","Narmada Upper","CGWB","7.38","-1.07"
"2019-05-19","Maharashtra","27","Chhatrapati Sambhajinagar","469","Taherpur","19.65111","75.33528","Godavari","Godavari Upper","CGWB","8.48","1.78"
"2018-01-04","Karnataka","29","Ramanagara","631","Harohalli A","12.68194","77.475","Cauvery","Cauvery Middle","CGWB","1.45","-4.8"
"2016-06-25","West Bengal","19","Hooghly","312","Mirzapur2","22.88889","88.0425","Ganga","Bhagirathi And Others (Ganga Lower)","CGWB","15.32","0.17"
"2013-09-28","Madhya Pradesh","23","Seoni","428","Keolari","22.37139","79.91083","Godavari","Weinganga","CGWB","0.76","-0.64"
"2014-01-04","Andhra Pradesh","28","Sri Potti Sriramulu Nellore","515","Kovvuru","14.49167","79.9875","Pennar","Pennar Lower","CGWB","1.56","0.73"
"2016-11-04","Telangana","36","Khammam","509","Chintur","17.4875","80.13778","Krishna","Krishna Lower","CGWB","3.92","-4.11"
"2014-08-24","Maharashtra","27","Nagpur","484","Paradsinga_Pz","21.31806","78.51944","Godavari","Wardha","CGWB","21.9","7.2"
"2016-11-04","Madhya Pradesh","23","Mandsaur","416","Surjani Npz","24.01667","75.385","Ganga","Chambal Upper","CGWB","10.41","8.45"
"2019-12-08","Tamil Nadu","33","Thoothukkudi","594","Karisalkulam","9.15","78.16667","East Flowing Rivers Between Pennar And Kanyakumari","Vaippar And Others","CGWB","8.86","-2.05"
"2014-01-04","Madhya Pradesh","23","Satna","426","Amdara","24.10389","80.57639","Ganga","Tons","CGWB","7.4","1.25"
"2013-08-24","Karnataka","29","Mandya","544","Mandya koppalu","12.39167","76.8","Cauvery","Cauvery Middle","CGWB","0.2","-0.56"
"2017-01-21","Tamil Nadu","33","Cuddalore","570","Kurinjipadi","11.5625","79.59167","East Flowing Rivers Between Pennar And Kanyakumari","Ponnaiyar And Other","CGWB","5.52","-0.62"
"2021-01-09","Uttar Pradesh","9","Azamgarh","123","Saraimir","26.01667","82.93194","Ganga","Ghaghara Confluence To Gomti Confluence","CGWB","2.4","-0.38"
"2019-11-25","Madhya Pradesh","23","Gwalior","407","Dabra(S)","25.89111","78.33667","Ganga","Yamuna Lower","CGWB","17.44","-3.75"
"2015-12-16","West Bengal","19","Murshidabad","319","Salar2","23.77611","88.10833","Ganga","Bhagirathi And Others (Ganga Lower)","CGWB","21.55","0.3"
"2013-08-24","Bihar","10","Madhubani","206","Khutauna1","26.50028","85.97111","Ganga","Kosi","CGWB","1.4","-3.52"
"2018-07-10","Tamil Nadu","33","Thoothukkudi","594","Karisalkulam","9.15","78.16667","East Flowing Rivers Between Pennar And Kanyakumari","Vaippar And Others","CGWB","10.46","-0.45"
"2018-10-19","Punjab","3","Amritsar","27","Bhankar Kalan-Pz","31.57917","74.71667","Indus (Up To Border)","Ravi","CGWB","18.0","-1.9"
"2016-08-24","Gujarat","24","Surat","459","Sultanabad","21.09167","72.725","West Flowing Rivers From Tapi To Tadri","Bhatsol And Others","CGWB","4.85","-1.92"
"2014-12-29","Madhya Pradesh","23","Seoni","428","Keolari","22.37139","79.91083","Godavari","Weinganga","CGWB","1.4","-1.79"
"2021-01-09","Uttar Pradesh","9","Mau","168","Mau (Urban)","25.94167","83.575","Ganga","Ghaghara Confluence To Gomti Confluence","CGWB","3.67","3.3"
"2018-11-11","Telangana","36","Ranga Reddy","518","Bompalli-Dw","17.11472","77.87083","Krishna","Bhima Lower","CGWB","4.78","-0.03"
"2014-01-04","Chhattisgarh","22","Mahasamund","385","Saraipalli-S PZ","21.32028","83.04306","Mahanadi","Mahanadi Middle","CGWB","11.66","0.96"
"2019-08-02","Tamil Nadu","33","Karur","576","Karur2","10.95833","78.08333","Cauvery","Cauvery Middle","CGWB","5.4","1.35"
"2016-11-06","West Bengal","19","Bankura","305","Mejia","23.39722","86.97083","Ganga","Damodar","CGWB","4.43","3.38"
"2014-11-04","Karnataka","29","Davangere","535","Attigere","14.32194","75.99306","Krishna","Tungabhadra Upper","CGWB","0.74","-2.86"
"2015-11-04","Madhya Pradesh","23","Ashoknagar","391","Damdama","24.36556","77.87472","Ganga","Yamuna Lower","CGWB","1.6","-0.3"
"2019-08-19","Maharashtra","27","Yavatmal","500","Jamwadi","20.3625","78.01667","Godavari","Wardha","CGWB","1.8","-1.2"
"2013-08-24","Tamil Nadu","33","Tiruppur","634","Karamadai","11.24583","77.2125","Cauvery","Cauvery Middle","CGWB","2.58","0.55"
"2017-01-04","Gujarat","24","Banas Kantha","441","Dantiwada","24.18889","72.76056","West Flowing Rivers Of Kutch And Saurashtra Including Luni","Saraswati","CGWB","25.94","-8.29"
"2016-08-24","Jammu And Kashmir","1","Rajouri","12","Bhatta Morh","33.20278","74.20139","Indus (Up To Border)","Chenab","CGWB","1.3","-0.5"
"2019-08-30","Odisha","21","Cuttack","350","C-28 Jagatpur-3 (Nuasahi)","20.51083","85.9325","Mahanadi","Mahanadi Lower","CGWB","2.94","-1.91"
"2014-06-20","West Bengal","19","Hooghly","312","Mirzapur2","22.88889","88.0425","Ganga","Bhagirathi And Others (Ganga Lower)","CGWB","14.27","-0.46"
"2018-12-31","Haryana","6","Yamunanagar","76","Shahabpura-Pz","30.12694","77.115","Indus (Up To Border)","Ghaghar And Others","CGWB","28.12","0.24"
"2018-12-31","Punjab","3","Fatehgarh Sahib","30","Mianpur-Pz","30.51806","76.48194","Indus (Up To Border)","Ghaghar And Others","CGWB","21.25","-0.55"
"2020-01-09","Chhattisgarh","22","Durg","378","Jhalam","21.84083","81.46111","Mahanadi","Mahanadi Upper","CGWB","4.9","0.83"
"2019-01-30","Uttar Pradesh","9","Ayodhya","140","Sarai barai","26.85028","81.71056","Ganga","Ghaghara","CGWB","5.25","0.8"
"2018-08-19","Karnataka","29","Shivamogga","547","Jaddihalli","14.5075","75.05833","Krishna","Tungabhadra Upper","CGWB","8.1","-2.66"
"2016-08-24","Uttar Pradesh","9","Kanpur Nagar","157","Sachendi","26.42917","80.16667","Ganga","Upstream Of Gomti Confluece To Muzaffarnagar","CGWB","2.82","-2.77"
"2013-11-06","Kerala","32","Kottayam","560","Veyilnanampara (Kondur)","9.67167","76.78083","West Flowing Rivers From Tadri To Kanyakumari","Periyar And Others","CGWB","3.36","-0.75"
"2013-01-04","Gujarat","24","Bhavnagar","443","Wadia Pz","21.7775","71.93333","West Flowing Rivers Of Kutch And Saurashtra Including Luni","Shetranjuli And Other East Flowing Rivers","CGWB","94.3","28.57"
"2021-10-15","Tamil Nadu","33","Sivaganga","585","Singapuneri","10.18417","78.42361","East Flowing Rivers Between Pennar And Kanyakumari","Pamba And Others","CGWB","8.8","-1.0"
"2015-03-08","Tamil Nadu","33","Tiruppur","634","Dharapuram2","10.73889","77.52917","Cauvery","Cauvery Middle","CGWB","3.75","-3.5"
"2019-01-09","Rajasthan","8","Ganganagar","100","BANDA COLONY","29.30833","73.22917","Indus (Up To Border)","Ghaghar And Others","CGWB","9.76","-0.04"
"2020-01-09","Gujarat","24","Kachchh","449","Lilpur","23.51111","70.65","West Flowing Rivers Of Kutch And Saurashtra Including Luni","Luni Lower","CGWB","0.35","-0.01"
"2015-01-06","West Bengal","19","Paschim Medinipur","318","Kanthra","22.25","87.29583","Ganga","Damodar","CGWB","5.01","3.86"
"2016-05-14","Jammu And Kashmir","1","Jammu","5","Bakore","32.80556","74.5625","Indus (Up To Border)","Chenab","CGWB","4.86","1.73"
"2017-12-31","Punjab","3","Jalandhar","34","Janian-Pz","31.09444","75.26389","Indus (Up To Border)","Sutlaj Lower","CGWB","33.5","-0.3"
"2017-05-14","Goa","30","North Goa","551","Colval","15.64389","73.83722","West Flowing Rivers From Tapi To Tadri","Vasishti And Others","CGWB","13.07","-1.08"
"2017-05-14","Madhya Pradesh","23","Rewa","424","Raipur","24.57833","81.43667","Ganga","Tons","CGWB","13.1","3.5"
"2018-10-19","Haryana","6","Hisar","63","Bhotal Jattan-DW","29.10556","76.12361","Area Of Inland Drainage In Rajasthan","Area Of Inland Drainage In Rajasthan","CGWB","2.0","-0.6"
"2019-11-22","Kerala","32","Ernakulam","555","Arakuzha","9.92778","76.58361","West Flowing Rivers From Tadri To Kanyakumari","Periyar And Others","CGWB","4.56","0.14"
"2016-11-06","Odisha","21","Ganjam","354","Sorada 1","19.75694","84.43056","East Flowing Rivers Between Mahanadi And Pennar","Vamsadhara And Other","CGWB","1.26","-0.43"
"2013-01-04","Rajasthan","8","Bhilwara","92","JIWANLIYAN","25.51556","74.55778","Ganga","Banas","CGWB","6.55","-0.57"
"2013-05-14","Karnataka","29","Belagavi","527","Saundatti","15.75556","75.25139","Krishna","Krishna Upper","CGWB","7.36","1.28"
"2018-03-24","Assam","18","Dhemaji","284","Bhagaban charali","27.5","94.54444","Brahamaputra","Brahmaputra Upper","CGWB","2.5","-6.3"
"2019-05-29","Tamil Nadu","33","Dindigul","572","Thumbalapatti","10.53333","77.52083","Cauvery","Cauvery Middle","CGWB","7.5","1.85"
"2020-01-09","Karnataka","29","Kolar","542","Lakshmisagara","13.23889","78.28333","East Flowing Rivers Between Pennar And Kanyakumari","Palar And Other","CGWB","39.33","-24.97"
"2019-01-03","Karnataka","29","Davangere","535","Kurki","14.37444","75.97333","Krishna","Tungabhadra Upper","CGWB","3.15","2.44"
"2019-01-12","Assam","18","Dhemaji","284","Bhagaban charali","27.5","94.54444","Brahamaputra","Brahmaputra Upper","CGWB","2.5","-2.37"
"2014-11-04","Andhra Pradesh","28","Sri Potti Sriramulu Nellore","515","Krishnapuram","13.80639","79.95389","East Flowing Rivers Between Pennar And Kanyakumari","Palar And Other","CGWB","4.07","-2.56"
"2019-05-29","Tamil Nadu","33","Pudukkottai","582","Pudukkottai","10.38611","78.80417","East Flowing Rivers Between Pennar And Kanyakumari","Pamba And Others","CGWB","4.84","0.94"
"2017-12-31","Andhra Pradesh","28","Prakasam","517","Tallamalla","15.59583","79.70833","East Flowing Rivers Between Mahanadi And Pennar","East Flowing Rivers Between Krishna And Pennar","CGWB","5.23","1.42"
"2017-03-14","Tamil Nadu","33","Karur","576","Karur2","10.95833","78.08333","Cauvery","Cauvery Middle","CGWB","2.85","-3.35"
"2015-05-14","Rajasthan","8","Bharatpur","91","SIHORA","27.55","77.3","Ganga","Yamuna Middle","CGWB","9.35","0.2"
"2016-01-26","Tamil Nadu","33","Tiruppur","634","Dharapuram2","10.73889","77.52917","Cauvery","Cauvery Middle","CGWB","3.82","-0.48"
"2019-08-10","Karnataka","29","Chikkamagaluru","532","Thali Halla","13.32667","75.72639","Cauvery","Cauvery Upper","CGWB","11.08","-0.12"
"2020-08-24","Chhattisgarh","22","Rajnandgaon","388","Ravagahan","21.11833","81.00583","Mahanadi","Mahanadi Upper","CGWB","2.42","-2.23"
"2013-08-26","Odisha","21","Malkangiri","364","M.V.9","18.3025","81.85333","Godavari","Godavari Lower","CGWB","1.03","-3.62"
"2013-12-10","Assam","18","Dhemaji","284","Bhagaban charali","27.5","94.54444","Brahamaputra","Brahmaputra Upper","CGWB","9.0","2.62"
"2013-08-24","Jammu And Kashmir","1","Rajouri","12","Bagnoti","33.14167","74.3","Indus (Up To Border)","Chenab","CGWB","2.35","-2.45"
"2014-10-30","Rajasthan","8","Alwar","87","RAMGARH1","27.58333","76.80972","Ganga","Yamuna Middle","CGWB","21.95","9.78"
"2017-11-04","Madhya Pradesh","23","Ratlam","423","Mewasa","23.49722","75.06722","Ganga","Chambal Upper","CGWB","7.03","0.03"
"2014-05-14","Andhra Pradesh","28","Guntur","506","Kondamodu","16.45972","79.91944","Krishna","Krishna Lower","CGWB","2.12","1.06"
"2016-04-16","Kerala","32","Kollam","559","Meenad","8.85083","76.69833","West Flowing Rivers From Tadri To Kanyakumari","Periyar And Others","CGWB","4.8","-0.29"
"2019-01-05","Chhattisgarh","22","Raigarh","386","Sisringa","22.45556","83.30694","Mahanadi","Mahanadi Middle","CGWB","5.89","-0.11"
"2018-01-09","Jharkhand","20","West Singhbhum","343","Bandgaon","22.84167","85.32917","Brahmani And Baitarni","Brahmani","CGWB","6.69","2.1"
"2021-01-09","Maharashtra","27","Yavatmal","500","Yavatmal","20.39111","78.12778","Godavari","Wardha","CGWB","2.2","1.4"
"2019-05-30","Madhya Pradesh","23","Seoni","428","Lakhnadon1","22.59861","79.6125","Narmada","Narmada Upper","CGWB","4.9","1.85"
"2013-04-16","West Bengal","19","South 24 Parganas","304","Uttar Hazipur","22.19833","88.18583","Ganga","Bhagirathi And Others (Ganga Lower)","CGWB","1.23","-0.25"
"2015-03-25","Tamil Nadu","33","Sivaganga","585","Singapuneri","10.18417","78.42361","East Flowing Rivers Between Pennar And Kanyakumari","Pamba And Others","CGWB","6.88","-0.27"
"2018-11-08","Tripura","16","West Tripura","272","Khowai","24.08194","91.61611","Barak And Others","Naoch Chara And Others","CGWB","1.88","0.7"
"2015-11-04","Maharashtra","27","Satara","494","Morgiri (Shivpurpeth)","17.32167","73.895","Krishna","Krishna Upper","CGWB","1.5","0.4"
"2019-01-06","Chhattisgarh","22","Korba","383","Banbandha","22.39167","82.38056","Mahanadi","Mahanadi Upper","CGWB","2.8","1.75"
"2016-08-24","Telangana","36","Medak","513","Polampalli","17.975","78.44167","Godavari","Manjra","CGWB","4.45","-1.05"
"2014-05-14","Karnataka","29","Bengaluru Urban","525","Kodigehalli","13.05972","77.57694","East Flowing Rivers Between Pennar And Kanyakumari","Ponnaiyar And Other","CGWB","4.24","-0.19"
"2017-05-22","Assam","18","Dhemaji","284","Bhagaban charali","27.5","94.54444","Brahamaputra","Brahmaputra Upper","CGWB","9.35","6.85"
"2017-05-14","Telangana","36","Ranga Reddy","518","Shamshabad1","17.25833","78.39861","Krishna","Krishna Lower","CGWB","13.7","2.06"
"2019-08-26","Kerala","32","Kozhikode","561","Kayapanachi","11.72","75.63361","West Flowing Rivers From Tadri To Kanyakumari","Varrar And Others","CGWB","2.79","-2.78"
"2015-01-06","Odisha","21","Khordha","362","B-27 Patia","20.36889","85.80889","Mahanadi","Mahanadi Lower","CGWB","2.1","0.5"
"2014-08-24","Rajasthan","8","Chittorgarh","95","KAPASAN1","24.86111","74.30833","Ganga","Banas","CGWB","2.3","-2.88"
"2018-11-04","Karnataka","29","Davangere","535","Harihara Pz","14.51528","75.80833","Krishna","Tungabhadra Upper","CGWB","6.88","-0.3"
"2018-10-31","Punjab","3","Sangrur","43","Lehal Kalan-Pz","30.56389","76.01806","Indus (Up To Border)","Sutlaj Lower","CGWB","32.8","-0.25"
"2016-04-16","Odisha","21","Puri","369","Konark 1","19.88639","86.09667","Mahanadi","Mahanadi Lower","CGWB","4.1","0.2"
"2020-03-27","Assam","18","Dhemaji","284","Bhagaban charali","27.5","94.54444","Brahamaputra","Brahmaputra Upper","CGWB","2.5","-7.0"
"2014-01-04","Bihar","10","Khagaria","202","Pirnasara","25.61083","86.72917","Ganga","Kosi","CGWB","3.6","0.48"
"2014-01-04","Madhya Pradesh","23","Mandsaur","416","Fatehgarh Npz","23.98167","75.10333","Ganga","Chambal Upper","CGWB","5.14","1.42"
"2014-01-04","Rajasthan","8","Dausa","97","LAWAN1","26.78333","76.21667","Ganga","Banas","CGWB","32.56","-10.39"
"2014-05-14","Madhya Pradesh","23","Umaria","436","Parasi","23.66444","80.94361","Ganga","Sone","CGWB","6.14","0.79"
"2017-08-26","West Bengal","19","Bankura","305","Kharkasuli","23.03333","87.31667","Ganga","Damodar","CGWB","1.35","-2.33"
"2018-11-29","Uttar Pradesh","9","Rae Bareli","175","Dhonda ka purwa","26.31111","81.37333","Ganga","Gomti","CGWB","2.51","1.88"
"2014-03-01","Madhya Pradesh","23","Seoni","428","Keolari","22.37139","79.91083","Godavari","Weinganga","CGWB","1.7","0.3"
"2015-01-04","Tamil Nadu","33","Namakkal","580","Ayilpatti","11.53333","78.35","East Flowing Rivers Between Pennar And Kanyakumari","Ponnaiyar And Other","CGWB","15.4","-0.8"
"2013-11-22","Tamil Nadu","33","Ramanathapuram","583","Ramanathapuram2","9.36667","78.78333","East Flowing Rivers Between Pennar And Kanyakumari","Pamba And Others","CGWB","0.68","-3.32"
"2013-01-04","Karnataka","29","Dakshina Kannada","534","Panja","12.67861","75.48694","West Flowing Rivers From Tadri To Kanyakumari","Netravati And Others","CGWB","5.6","1.43"
"2017-01-04","Punjab","3","Moga","38","Himatpura-Pz","30.52778","75.3625","Indus (Up To Border)","Sutlaj Lower","CGWB","29.05","-0.7"
"2017-08-26","Kerala","32","Alappuzha","554","Thevery","9.23333","76.54167","West Flowing Rivers From Tadri To Kanyakumari","Periyar And Others","CGWB","0.7","-1.83"
"2013-08-24","Bihar","10","Purbi Champaran","213","Ghorashan","26.81667","85.14167","Ganga","Gandak And Others","CGWB","1.62","-3.11"
"2017-05-14","Telangana","36","Karimnagar","508","Mohanraopet1","18.81111","78.78333","Godavari","Pranhita And Others","CGWB","3.12","0.45"
"2014-08-26","Kerala","32","Idukki","556","Cheenikuzhi","9.91528","76.88333","West Flowing Rivers From Tadri To Kanyakumari","Periyar And Others","CGWB","0.94","-2.22"
"2016-08-26","Odisha","21","Koraput","363","Sasanhandi-ii","19.10889","82.47389","Godavari","Indravati","CGWB","1.0","-0.2"
"2017-11-04","Karnataka","29","Bidar","529","Borgi","18.03111","77.04028","Godavari","Manjra","CGWB","1.64","-1.43"
"2022-05-31","Tamil Nadu","33","Cuddalore","570","Kurinjipadi","11.5625","79.59167","East Flowing Rivers Between Pennar And Kanyakumari","Ponnaiyar And Other","CGWB","4.94","4.09"
"2016-07-27","Tamil Nadu","33","Sivaganga","585","Singapuneri","10.18417","78.42361","East Flowing Rivers Between Pennar And Kanyakumari","Pamba And Others","CGWB","8.38","0.28"
"2022-07-23","Tamil Nadu","33","Sivaganga","585","Singapuneri","10.18417","78.42361","East Flowing Rivers Between Pennar And Kanyakumari","Pamba And Others","CGWB","9.8","1.0"
"2014-05-14","Rajasthan","8","Bikaner","93","6 PB","28.66944","72.75","Area Of Inland Drainage In Rajasthan","Area Of Inland Drainage In Rajasthan","CGWB","17.9","4.0"
"2013-10-21","Tamil Nadu","33","Ramanathapuram","583","Ramanathapuram2","9.36667","78.78333","East Flowing Rivers Between Pennar And Kanyakumari","Pamba And Others","CGWB","4.3","3.62"
"2019-11-09","Rajasthan","8","Jaisalmer","103","Bhavanipura Deep","27.72028","71.98056","Area Of Inland Drainage In Rajasthan","Area Of Inland Drainage In Rajasthan","CGWB","13.6","-1.01"
"2015-05-14","Tamil Nadu","33","Tiruchirappalli","591","Pullambadi","11.04583","78.95833","Cauvery","Cauvery Lower","CGWB","4.89","1.89"
"2017-05-14","Himachal Pradesh","2","Solan","25","Dhabota","31.08778","76.63472","Indus (Up To Border)","Sutlaj Lower","CGWB","14.09","1.13"
"2018-08-30","Delhi","7","South West","84","Ojwah Pz","28.57667","76.91417","Ganga","Yamuna Upper","CGWB","15.04","-0.98"
"2016-08-24","Karnataka","29","Dakshina Kannada","534","Vittal","12.76667","75.10833","West Flowing Rivers From Tadri To Kanyakumari","Netravati And Others","CGWB","8.7","-2.88"
"2014-05-14","Tamil Nadu","33","Thiruvallur","589","Tirumangalam1","13.08333","80.2","East Flowing Rivers Between Pennar And Kanyakumari","Palar And Other","CGWB","5.34","5.33"
"2017-08-24","Andhra Pradesh","28","Prakasam","517","Guttalaumadivrm","16.0125","79.5625","East Flowing Rivers Between Mahanadi And Pennar","East Flowing Rivers Between Krishna And Pennar","CGWB","6.95","-0.2"
"2015-01-06","Odisha","21","Mayurbhanj","365","Bedhakudar","22.21056","86.55611","Subernarekha","Subernarekha","CGWB","3.89","0.81"
"2019-08-19","Andhra Pradesh","28","Guntur","506","Gurzala","16.55833","79.64167","Krishna","Krishna Lower","CGWB","0.4","-0.26"
"2013-09-24","Chhattisgarh","22","Bilaspur","375","Sipat","22.14583","82.27917","Mahanadi","Mahanadi Upper","CGWB","13.7","12.82"
"2016-03-20","Tamil Nadu","33","Cuddalore","570","Kurinjipadi","11.5625","79.59167","East Flowing Rivers Between Pennar And Kanyakumari","Ponnaiyar And Other","CGWB","0.78","-4.74"
"2019-01-11","Madhya Pradesh","23","Sehore","427","Nadan","22.89722","77.12222","Narmada","Narmada Middle","CGWB","4.35","1.31"
"2019-11-23","Karnataka","29","Belagavi","527","Hire bagewadi","15.8375","74.64583","Krishna","Krishna Upper","CGWB","0.7","0.08"
"2015-04-16","Kerala","32","Ernakulam","555","Valayanchirangara","10.06667","76.45417","West Flowing Rivers From Tadri To Kanyakumari","Periyar And Others","CGWB","7.82","-0.3"
"2017-11-04","Karnataka","29","Bengaluru Rural","526","Devanahalli A","13.25","77.7","East Flowing Rivers Between Pennar And Kanyakumari","Ponnaiyar And Other","CGWB","12.58","-2.75"
"2018-07-15","Rajasthan","8","Alwar","87","RAMGARH1","27.58333","76.80972","Ganga","Yamuna Middle","CGWB","27.77","11.05"
"2022-02-06","Uttar Pradesh","9","Deoria","137","Deoria2","26.52917","83.77222","Ganga","Ghaghara","CGWB","2.47","-0.83"
"2018-01-10","Jammu And Kashmir","1","Jammu","5","Maheen Charkan","32.64972","74.98667","Indus (Up To Border)","Chenab","CGWB","9.53","1.43"
"2013-01-04","Chhattisgarh","22","Jashpur","380","Bewrapali","22.90833","83.7475","Mahanadi","Mahanadi Middle","CGWB","3.65","-0.26"
"2016-05-14","Bihar","10","Darbhanga","195","Barhi Tola","26.0225","85.87972","Ganga","Kosi","CGWB","5.71","-0.92"
"2013-08-26","Odisha","21","Puri","369","P-36 Kumbharapada","19.81556","85.83194","Mahanadi","Mahanadi Lower","CGWB","3.4","-0.7"
"2018-08-30","Delhi","7","North","80","Jagatpur Pz-1","28.74333","77.22139","Ganga","Yamuna Upper","CGWB","1.65","-2.42"
"2019-11-28","Kerala","32","Pathanamthitta","564","Vakayar  (Valiakavu)","9.20111","76.84806","West Flowing Rivers From Tadri To Kanyakumari","Periyar And Others","CGWB","1.3","-0.7"
"2019-01-02","Madhya Pradesh","23","Rajgarh","422","Sandavta","23.83361","76.52556","Ganga","Kali Sindh And Others Up To Confluence With Parbati","CGWB","11.31","2.0"
"2014-11-04","Gujarat","24","Surat","459","Palsana","21.07778","72.99167","West Flowing Rivers From Tapi To Tadri","Bhatsol And Others","CGWB","1.73","0.69"
"2013-01-04","Madhya Pradesh","23","Umaria","436","Panpatha","23.86944","81.00472","Ganga","Sone","CGWB","12.62","2.05"
"2015-08-24","Karnataka","29","Chitradurga","533","Arehalli","14.03333","76.11667","Krishna","Tungabhadra Upper","CGWB","3.37","-0.51"
"2013-01-01","Maharashtra","27","Buldhana","472","Malkapur Pangra_Pz","20.07222","76.33389","Godavari","Godavari Middle","CGWB","3.0","1.0"
"2019-01-09","Odisha","21","Nabarangpur","366","Papadahandi1","19.35","82.52194","Godavari","Indravati","CGWB","6.25","4.5"
"2018-08-24","Kerala","32","Kollam","559","Neendakara1","8.92778","76.69167","West Flowing Rivers From Tadri To Kanyakumari","Periyar And Others","CGWB","0.75","0.03"
"2015-08-24","Andhra Pradesh","28","Guntur","506","Enugupalem 2010Pz","16.01861","79.82472","East Flowing Rivers Between Mahanadi And Pennar","East Flowing Rivers Between Krishna And Pennar","CGWB","3.24","-0.8"
"2020-07-11","Tamil Nadu","33","Sivaganga","585","Singapuneri","10.18417","78.42361","East Flowing Rivers Between Pennar And Kanyakumari","Pamba And Others","CGWB","9.8","1.34"
"2014-01-06","Odisha","21","Puri","369","P-22 Talabania","19.81778","85.85361","Mahanadi","Mahanadi Lower","CGWB","2.0","0.9"
"2013-05-14","Madhya Pradesh","23","Dewas","402","Pipri","22.39861","76.27806","Narmada","Narmada Middle","CGWB","4.13","1.68"
"2018-09-26","Tamil Nadu","33","Cuddalore","570","Maruthur2","11.49222","79.60278","East Flowing Rivers Between Pennar And Kanyakumari","Ponnaiyar And Other","CGWB","8.42","-35.0"
"2017-11-06","Odisha","21","Sambalpur","371","Gutanpada","21.38111","83.99611","Mahanadi","Mahanadi Lower","CGWB","1.12","0.77"
"2016-08-24","Madhya Pradesh","23","Chhindwara","399","Harrai(S)","22.61389","79.22","Narmada","Narmada Upper","CGWB","4.72","-2.68"
"2017-11-06","Kerala","32","Kottayam","560","Kalathipady","9.59","76.55444","West Flowing Rivers From Tadri To Kanyakumari","Periyar And Others","CGWB","7.8","1.5"
"2019-05-10","Madhya Pradesh","23","Ashoknagar","391","Mungaoli","24.40306","78.10944","Ganga","Yamuna Lower","CGWB","4.8","1.69"
"2017-05-14","Madhya Pradesh","23","Satna","426","Sagauni New","24.26417","81.20278","Ganga","Sone","CGWB","8.8","1.9"
"2013-08-24","Uttar Pradesh","9","Azamgarh","123","Ahraula","26.17639","82.90417","Ganga","Ghaghara Confluence To Gomti Confluence","CGWB","6.45","-2.14"
"2017-01-04","Chhattisgarh","22","Mahasamund","385","Saraipalli-D PZ","21.32028","83.04306","Mahanadi","Mahanadi Middle","CGWB","9.18","2.79"
"2017-01-06","West Bengal","19","Bankura","305","Sahebdi","23.38611","87.33056","Ganga","Damodar","CGWB","5.58","2.03"
"2019-08-27","Madhya Pradesh","23","Shivpuri","432","Badarwas","24.97472","77.56806","Ganga","Yamuna Lower","CGWB","3.85","-6.8"
"2019-04-04","Kerala","32","Kasaragod","558","Mogral (R1)","12.57472","74.95083","West Flowing Rivers From Tadri To Kanyakumari","Netravati And Others","CGWB","11.58","0.66"
"2013-08-24","Karnataka","29","Tumakuru","548","Hagalavadi1","13.5","76.76667","Krishna","Tungabhadra Lower","CGWB","48.47","0.17"
"2018-01-01","Kerala","32","Kozhikode","561","Kodencherry","11.43111","76.00667","West Flowing Rivers From Tadri To Kanyakumari","Varrar And Others","CGWB","1.05","0.09"
"2018-01-13","Madhya Pradesh","23","Rewa","424","Barduhawan","24.97306","81.39111","Ganga","Tons","CGWB","18.21","-0.2"
"2015-01-04","Haryana","6","Bhiwani","59","Jhumpa","28.76667","75.53333","Area Of Inland Drainage In Rajasthan","Area Of Inland Drainage In Rajasthan","CGWB","26.49","0.25"
"2016-05-14","Uttar Pradesh","9","Barabanki","129","Tikaitnagar","26.93917","81.56917","Ganga","Ghaghara","CGWB","8.35","1.43"
"2020-01-09","Madhya Pradesh","23","Ujjain","435","Unhel","23.33556","75.54944","Ganga","Chambal Upper","CGWB","4.1","2.3"
"2015-01-06","Odisha","21","Boudh","349","Singrachhak","20.80694","84.12889","Mahanadi","Mahanadi Lower","CGWB","2.61","1.16"
"2017-11-04","Rajasthan","8","Jaipur","102","Kheerwa","27.05389","75.40917","Ganga","Banas","CGWB","56.26","0.06"
"2017-12-31","Telangana","36","Adilabad","501","Chincholi Bk-DW13","19.14167","78.33944","Godavari","Pranhita And Others","CGWB","3.97","1.28"
"2018-11-27","Madhya Pradesh","23","Ujjain","435","Mahidpurtown","23.48944","75.66528","Ganga","Chambal Upper","CGWB","2.95","-4.03"
"2017-01-04","Punjab","3","Moga","38","Baraghar-Pz","30.76111","74.99167","Indus (Up To Border)","Sutlaj Lower","CGWB","21.7","-0.6"
"2020-04-10","Tamil Nadu","33","Thoothukkudi","594","Karisalkulam","9.15","78.16667","East Flowing Rivers Between Pennar And Kanyakumari","Vaippar And Others","CGWB","10.91","2.05"
"2014-04-16","Kerala","32","Kottayam","560","Madapally","9.69889","76.41944","West Flowing Rivers From Tadri To Kanyakumari","Periyar And Others","CGWB","2.61","0.75"
"2020-08-24","Madhya Pradesh","23","Umaria","436","Mahroi","23.95528","80.92639","Ganga","Sone","CGWB","2.47","-0.5"
"2018-01-28","Chhattisgarh","22","Rajnandgaon","388","Joratarai","21.19083","81.18528","Mahanadi","Mahanadi Upper","CGWB","6.15","3.73"
"2015-05-14","Madhya Pradesh","23","Raisen","421","Gairatganj(s)","23.40972","78.21944","Ganga","Yamuna Lower","CGWB","3.93","0.96"
"2019-08-30","Odisha","21","Balangir","345","Kholan","20.2325","83.0775","Mahanadi","Mahanadi Lower","CGWB","2.18","-4.83"
"2021-01-09","Assam","18","Karbi Anglong","292","Diphu","25.84167","93.45","Brahamaputra","Brahmaputra Lower","CGWB","19.58","17.86"
"2016-04-16","Odisha","21","Sonepur","372","Koiramunda","20.96639","83.75","Mahanadi","Mahanadi Lower","CGWB","5.95","-0.03"
"2020-03-09","Haryana","6","Kurukshetra","68","Jogna Khera","29.97361","76.82778","Indus (Up To Border)","Ghaghar And Others","CGWB","36.4","3.1"
"2017-11-04","Telangana","36","Medak","513","Lingampalle-PZ","17.66667","77.75833","Godavari","Manjra","CGWB","5.62","2.65"
"2016-03-05","Tamil Nadu","33","Tiruppur","634","Dharapuram2","10.73889","77.52917","Cauvery","Cauvery Middle","CGWB","4.3","0.48"
"2014-11-06","Odisha","21","Koraput","363","Baipariguda","18.75833","82.43833","Godavari","Godavari Lower","CGWB","3.7","1.92"
"2016-05-14","Jammu And Kashmir","1","Rajouri","12","Bagnoti","33.14167","74.3","Indus (Up To Border)","Chenab","CGWB","6.21","-2.64"
"2014-11-04","Gujarat","24","Porbandar","456","Simar","21.94694","69.68583","West Flowing Rivers Of Kutch And Saurashtra Including Luni","Bhadar And Other West Flowing Rivers","CGWB","6.4","1.12"
"2016-11-04","Telangana","36","Warangal","522","Ghanpur 2010pz","17.85","79.36667","Krishna","Krishna Lower","CGWB","10.2","-7.4"
"2015-02-18","Madhya Pradesh","23","Seoni","428","Keolari","22.37139","79.91083","Godavari","Weinganga","CGWB","1.4","0.1"
"2020-01-09","Karnataka","29","Kalaburagi","538","Revannur","16.99167","76.725","Krishna","Bhima Lower","CGWB","1.85","0.54"
"2016-11-04","Punjab","3","Ludhiana","36","Sherpur-Pz","30.93611","76.30417","Indus (Up To Border)","Sutlaj Lower","CGWB","5.55","1.45"
"2014-02-14","Madhya Pradesh","23","Raisen","421","Silwani","23.3","78.43972","Narmada","Narmada Upper","CGWB","7.38","1.08"
"2014-11-06","Odisha","21","Nuapada","368","Darlimunda","20.82306","82.63167","Mahanadi","Mahanadi Lower","CGWB","1.55","1.1"
"2014-04-16","West Bengal","19","Bankura","305","Junsura2","23.03694","87.145","Ganga","Damodar","CGWB","3.25","-2.35"
"2019-11-09","Rajasthan","8","Jaipur","102","Jatwara Pz","26.87556","76.20833","Ganga","Banas","CGWB","27.5","3.41"
"2015-11-06","Kerala","32","Kollam","559","Vavvakkavu","9.10056","76.52306","West Flowing Rivers From Tadri To Kanyakumari","Periyar And Others","CGWB","1.9","0.03"
"2016-12-04","Tamil Nadu","33","Thoothukkudi","594","Karisalkulam","9.15","78.16667","East Flowing Rivers Between Pennar And Kanyakumari","Vaippar And Others","CGWB","10.6","-0.6"
"2014-01-04","Andhra Pradesh","28","Y.S.R.","504","Sanipai","14.11667","78.95","Pennar","Pennar Lower","CGWB","5.67","2.88"
"2017-11-04","Punjab","3","Ferozepur","31","Ladhuwala","30.53194","74.38556","Indus (Up To Border)","Sutlaj Lower","CGWB","1.2","0.57"
"2017-06-22","Tamil Nadu","33","Cuddalore","570","Maruthur2","11.49222","79.60278","East Flowing Rivers Between Pennar And Kanyakumari","Ponnaiyar And Other","CGWB","30.32","-10.96"
"2018-05-29","Gujarat","24","Jamnagar","447","Seth vadala","22.03333","70.125","West Flowing Rivers Of Kutch And Saurashtra Including Luni","Bhadar And Other West Flowing Rivers","CGWB","10.6","-0.1"
"2014-11-04","Karnataka","29","Dakshina Kannada","534","Ballalu","12.93667","75.33","West Flowing Rivers From Tadri To Kanyakumari","Netravati And Others","CGWB","5.7","2.59"
"2016-05-14","Karnataka","29","Shivamogga","547","Heddarapura","13.93611","75.26944","West Flowing Rivers From Tadri To Kanyakumari","Netravati And Others","CGWB","8.0","2.4"
"2014-05-14","Telangana","36","Nizamabad","516","Dandepalli 2010Pz1","18.95833","78.17222","Godavari","Godavari Middle","CGWB","4.95","0.95"
"2015-11-06","West Bengal","19","Paschim Medinipur","318","Topsia1","22.26194","86.91861","Subernarekha","Subernarekha","CGWB","9.64","-1.77"
"2020-01-09","Andhra Pradesh","28","Chittoor","503","Satyavedu","13.42833","79.95333","East Flowing Rivers Between Pennar And Kanyakumari","Palar And Other","CGWB","0.89","0.22"
"2013-08-24","Gujarat","24","Panch Mahals","454","Santrampur","23.17083","73.90833","Mahi","Mahi Upper","CGWB","3.56","-5.82"
"2015-11-04","Tamil Nadu","33","Pudukkottai","582","Avudaiyarkoil1","10.075","79.03361","East Flowing Rivers Between Pennar And Kanyakumari","Pamba And Others","CGWB","4.36","1.24"
"2013-11-06","Odisha","21","Khordha","362","B-37 OUAT","20.26028","85.72528","Mahanadi","Mahanadi Lower","CGWB","1.6","0.12"
"2016-11-04","Madhya Pradesh","23","Chhatarpur","398","Putaria","25.115","79.3875","Ganga","Yamuna Lower","CGWB","7.88","5.81"
"2013-01-01","Madhya Pradesh","23","Shivpuri","432","Khareh","25.10333","77.72417","Ganga","Yamuna Lower","CGWB","8.62","5.07"
"2015-11-04","Jharkhand","20","Sahebganj","340","Rajmahal","25.03333","87.81333","Ganga","Bhagirathi And Others (Ganga Lower)","CGWB","3.1","-0.5"
"2013-11-04","Chhattisgarh","22","Surguja","389","Tattapani1","23.68889","83.65833","Ganga","Sone","CGWB","9.04","-2.78"
"2020-08-24","Madhya Pradesh","23","Harda","408","Mandla","22.21861","76.94694","Narmada","Narmada Middle","CGWB","3.73","-4.27"
"2014-01-04","Andhra Pradesh","28","Visakhapatnam","520","L Singavaram-DW13","17.81389","82.81667","East Flowing Rivers Between Mahanadi And Pennar","Nagvati And Other","CGWB","2.04","0.84"
"2013-01-04","Karnataka","29","Ballari","528","Sirigeri1","15.44167","76.84167","Krishna","Tungabhadra Lower","CGWB","3.65","0.23"
"2019-08-19","Maharashtra","27","Kolhapur","480","Kini wathar","16.87028","74.2975","Krishna","Krishna Upper","CGWB","2.7","-12.0"
"2014-08-24","Karnataka","29","Chikkamagaluru","532","Herur","13.37667","75.39972","Krishna","Tungabhadra Upper","CGWB","3.12","-4.45"
"2014-08-26","Odisha","21","Baleshwar","346","Lingapada","21.27917","86.68556","Brahmani And Baitarni","Baitarni","CGWB","4.01","-0.9"
"2015-08-24","Rajasthan","8","Jhalawar","105","JHIRI","24.27083","76.73056","Ganga","Kali Sindh And Others Up To Confluence With Parbati","CGWB","1.05","-3.18"
"2013-01-04","Rajasthan","8","Ganganagar","100","SANGITA","29.225","73.77917","Indus (Up To Border)","Ghaghar And Others","CGWB","0.01","-0.49"
"2015-01-06","West Bengal","19","Purulia","321","Baghmundi","23.19167","86.05","Subernarekha","Subernarekha","CGWB","4.63","1.01"
"2020-01-09","Haryana","6","Panipat","71","Puther Pz","29.23333","76.87778","Ganga","Yamuna Upper","CGWB","11.67","-1.75"
"2019-11-29","Uttar Pradesh","9","Fatehpur","142","Barwa","25.95","80.43333","Ganga","Yamuna Lower","CGWB","25.33","-2.56"
"2017-05-14","Karnataka","29","Uttara Kannada","550","Kansur1","14.51667","74.84167","West Flowing Rivers From Tapi To Tadri","Vasishti And Others","CGWB","6.08","0.93"
"2020-11-29","Karnataka","29","Mysuru","545","Gowdagere","12.19167","76.375","Cauvery","Cauvery Middle","CGWB","8.07","6.51"
"2017-05-04","West Bengal","19","Hooghly","312","Mirzapur2","22.88889","88.0425","Ganga","Bhagirathi And Others (Ganga Lower)","CGWB","15.15","-0.17"
"2014-01-04","Telangana","36","Adilabad","501","Jainath","19.73333","78.64583","Godavari","Wardha","CGWB","5.07","0.25"
"2015-01-06","Kerala","32","Palakkad","563","Gopalapuram","10.68611","76.86944","West Flowing Rivers From Tadri To Kanyakumari","Varrar And Others","CGWB","8.4","2.48"
"2013-11-04","Maharashtra","27","Amravati","468","Benoda (WT)_Pz","21.45833","78.175","Godavari","Wardha","CGWB","5.1","0.15"
"2013-04-20","Madhya Pradesh","23","Shajapur","430","Panwadi","23.50444","76.40389","Ganga","Kali Sindh And Others Up To Confluence With Parbati","CGWB","2.56","-7.3"
"2020-11-29","Uttar Pradesh","9","Muzaffarnagar","172","Sukratal","29.495","77.99","Ganga","Above Ramganga Confluence","CGWB","2.9","0.5"
"2015-08-24","Karnataka","29","Kodagu","541","Bittangala","12.16722","75.84333","Cauvery","Cauvery Upper","CGWB","1.3","-6.95"
"2015-08-26","West Bengal","19","Nadia","320","Bhajan Ghat1","23.38861","88.73583","Ganga","Bhagirathi And Others (Ganga Lower)","CGWB","3.41","-2.84"
"2018-04-30","Rajasthan","8","Alwar","87","RAMGARH1","27.58333","76.80972","Ganga","Yamuna Middle","CGWB","26.8","10.83"
"2015-08-24","Madhya Pradesh","23","Chhindwara","399","Chinchkheda","21.64028","78.47944","Godavari","Weinganga","CGWB","8.1","-3.16"
"2013-08-24","Maharashtra","27","Pune","490","Rajgurnagar (Khed)","18.86389","73.89722","Krishna","Bhima Upper","CGWB","0.75","-2.54"
"2014-11-06","West Bengal","19","Birbhum","307","Paikpara1","23.85417","87.69694","Ganga","Bhagirathi And Others (Ganga Lower)","CGWB","9.3","-1.48"
"2017-01-06","Kerala","32","Wayanad","567","Kamblakat","11.675","76.075","Cauvery","Cauvery Middle","CGWB","18.13","0.53"
"2013-05-14","Himachal Pradesh","2","Una","26","Bawal","31.54111","76.31111","Indus (Up To Border)","Sutlaj Lower","CGWB","1.37","-0.57"
"2013-08-24","Uttar Pradesh","9","Lucknow","162","Bakshi ka talab","26.98333","80.91667","Ganga","Gomti","CGWB","10.99","-0.64"
"2015-05-14","Chhattisgarh","22","Raipur","387","Arjuni","21.69167","82.06528","Mahanadi","Mahanadi Upper","CGWB","5.89","1.35"
"2016-01-06","Kerala","32","Kozhikode","561","Chiulavi (Niravamal)","11.735","75.68861","West Flowing Rivers From Tadri To Kanyakumari","Varrar And Others","CGWB","7.63","0.81"
"2017-11-04","Rajasthan","8","Jaipur","102","CHAKSU","26.6","75.95","Ganga","Banas","CGWB","11.3","0.25"
"2016-05-14","Karnataka","29","Kalaburagi","538","Mashal","17.29167","76.24167","Krishna","Bhima Lower","CGWB","10.03","-0.46"
"2018-05-19","Telangana","36","Nizamabad","516","Nizamsagar 2012DW","18.23028","77.93556","Godavari","Manjra","CGWB","6.8","2.39"
"2020-08-24","Tamil Nadu","33","Chennai","568","Besant Nagar","13.00139","80.27","East Flowing Rivers Between Pennar And Kanyakumari","Palar And Other","CGWB","5.8","-0.7"
"2017-04-16","Odisha","21","Nuapada","368","Sanmaheswar","20.37361","82.70083","Mahanadi","Mahanadi Lower","CGWB","7.03","2.93"
"2014-04-16","West Bengal","19","Malda","316","Deotala","25.2625","88.30972","Ganga","Bhagirathi And Others (Ganga Lower)","CGWB","2.13","0.72"
"2015-01-06","West Bengal","19","Murshidabad","319","Pakamati","24.05444","88.21833","Ganga","Bhagirathi And Others (Ganga Lower)","CGWB","5.35","0.25"
"2013-01-04","Madhya Pradesh","23","Rewa","424","Garh","24.81556","81.645","Ganga","Tons","CGWB","12.26","7.0"
"2016-08-24","Andhra Pradesh","28","Visakhapatnam","520","Rishikonda 2011U","17.79194","83.385","East Flowing Rivers Between Mahanadi And Pennar","Nagvati And Other","CGWB","2.75","0.18"
"2015-01-04","Maharashtra","27","Satara","494","Vikhle","17.46194","74.61806","Krishna","Krishna Upper","CGWB","1.8","-1.2"
"2014-08-24","Madhya Pradesh","23","Sagar","425","Sagar","23.83333","78.7675","Ganga","Yamuna Lower","CGWB","1.0","-1.94"
"2017-11-04","Himachal Pradesh","2","Una","26","Singhnei","31.69111","76.035","Indus (Up To Border)","Sutlaj Lower","CGWB","22.17","0.44"
"2014-01-04","Rajasthan","8","Rajsamand","112","BAGHANA","25.51111","73.8625","Ganga","Banas","CGWB","6.56","3.59"
"2019-01-30","Uttar Pradesh","9","Mahoba","165","Mahoba NEW","25.27917","79.87806","Ganga","Yamuna Lower","CGWB","8.39","1.58"
"2019-01-03","Karnataka","29","Davangere","535","Hebbalu","14.37639","76.09861","Krishna","Tungabhadra Upper","CGWB","12.24","2.12"
"2019-11-09","Gujarat","24","Anand","440","Tarapur Pz-II","22.48611","72.66111","Sabarmati","Sabarmati Upper","CGWB","2.05","-0.72"
"2018-08-03","Tamil Nadu","33","Karur","576","Karur2","10.95833","78.08333","Cauvery","Cauvery Middle","CGWB","4.05","-0.35"
"2016-05-14","Karnataka","29","Dakshina Kannada","534","Kateel","13.04444","74.87028","West Flowing Rivers From Tadri To Kanyakumari","Netravati And Others","CGWB","3.15","0.8"
"2015-01-08","Rajasthan","8","Alwar","87","RAMGARH1","27.58333","76.80972","Ganga","Yamuna Middle","CGWB","22.9","10.73"
"2015-08-26","Odisha","21","Kendujhar","361","Ghasipura pz","21.21111","86.10833","Brahmani And Baitarni","Baitarni","CGWB","2.83","-4.25"
"2013-11-04","Telangana","36","Khammam","509","Annapareddipalli","17.20889","80.78056","Krishna","Krishna Lower","CGWB","3.72","-3.08"
"2014-07-01","West Bengal","19","Murshidabad","319","Salar2","23.77611","88.10833","Ganga","Bhagirathi And Others (Ganga Lower)","CGWB","10.61","2.98"
"2015-05-14","Karnataka","29","Uttara Kannada","550","Gotegali","14.90389","74.3025","West Flowing Rivers From Tapi To Tadri","Vasishti And Others","CGWB","8.27","3.74"
"2015-08-26","Odisha","21","Sambalpur","371","Jujhumura","21.23944","84.1375","Mahanadi","Mahanadi Lower","CGWB","5.75","-2.45"
"2016-01-04","Karnataka","29","Chikkamagaluru","532","Hunsehalli","13.33083","75.55694","Krishna","Tungabhadra Upper","CGWB","3.87","-0.12"
"2013-08-24","Gujarat","24","Jamnagar","447","Toda","22.0625","70.38333","West Flowing Rivers Of Kutch And Saurashtra Including Luni","Bhadar And Other West Flowing Rivers","CGWB","2.0","-13.65"
"2014-11-04","Karnataka","29","Ramanagara","631","Kengel","12.68667","77.235","Cauvery","Cauvery Middle","CGWB","1.27","-0.88"
"2015-03-01","Madhya Pradesh","23","Seoni","428","Keolari","22.37139","79.91083","Godavari","Weinganga","CGWB","1.4","0.1"
"2014-01-04","Gujarat","24","Bhavnagar","443","Panvi1","22.075","71.89167","West Flowing Rivers Of Kutch And Saurashtra Including Luni","Shetranjuli And Other East Flowing Rivers","CGWB","11.31","8.69"
"2014-01-04","Tamil Nadu","33","Erode","573","Gobichettipalayam","11.45","77.45","Cauvery","Cauvery Middle","CGWB","9.1","0.6"
"2013-11-06","West Bengal","19","Jalpaiguri","314","Odlabari","26.86444","88.62556","Brahamaputra","Brahmaputra Lower","CGWB","1.6","0.42"
"2014-01-06","Odisha","21","Sundargarh","373","R-31 Sector-14","22.27","84.84194","Brahmani And Baitarni","Brahmani","CGWB","5.75","0.6"
"2018-11-11","Andhra Pradesh","28","Ananthapuramu","502","Nallacheruvu 2013DW","13.98722","78.18778","Pennar","Pennar Upper","CGWB","13.8","0.45"
"2014-11-06","Odisha","21","Khordha","362","Kuha","20.23417","85.79667","Mahanadi","Mahanadi Lower","CGWB","2.85","0.85"
"2017-11-03","Tamil Nadu","33","Sivaganga","585","Singapuneri","10.18417","78.42361","East Flowing Rivers Between Pennar And Kanyakumari","Pamba And Others","CGWB","8.1","-0.8"
"2020-09-20","Rajasthan","8","Alwar","87","RAMGARH1","27.58333","76.80972","Ganga","Yamuna Middle","CGWB","16.72","-13.1"
"2018-04-07","Kerala","32","Wayanad","567","Tholpetty","11.94306","76.06694","Cauvery","Cauvery Middle","CGWB","11.56","0.86"
"2017-01-06","Odisha","21","Sundargarh","373","R-17 Jhumpudibasti(Nuabazar)","22.24333","84.8825","Brahmani And Baitarni","Brahmani","CGWB","2.05","0.45"
"2021-01-09","Uttar Pradesh","9","Prayagraj","120","Karchhana","25.28333","81.93833","Ganga","Upstream Of Gomti Confluece To Muzaffarnagar","CGWB","11.19","2.05"
"2015-08-24","Karnataka","29","Ramanagara","631","Jalamangala","12.81667","77.22083","Cauvery","Cauvery Middle","CGWB","20.66","-1.16"
"2017-01-04","Rajasthan","8","Hanumangarh","101","Pale Wali Dhani","29.68333","74.1","Indus (Up To Border)","Sutlaj Lower","CGWB","25.95","-0.07"
"2017-12-31","Punjab","3","Ferozepur","31","Ghananga Kalan-Pz","30.57167","74.2125","Indus (Up To Border)","Sutlaj Lower","CGWB","4.55","-0.05"
"2013-08-24","Maharashtra","27","Thane","497","Pasheri","19.24806","73.39333","West Flowing Rivers From Tapi To Tadri","Bhatsol And Others","CGWB","0.01","-5.85"
"2015-11-06","Odisha","21","Khordha","362","B-24 Acharya Vihar","20.295","85.83194","Mahanadi","Mahanadi Lower","CGWB","1.6","0.5"
"2017-08-26","Kerala","32","Kasaragod","558","Bandadka","12.48333","75.24722","West Flowing Rivers From Tadri To Kanyakumari","Netravati And Others","CGWB","9.95","-0.25"
"2016-11-04","Karnataka","29","Uttara Kannada","550","Alakod","14.31667","74.49444","West Flowing Rivers From Tadri To Kanyakumari","Netravati And Others","CGWB","9.1","2.3"
"2017-12-31","Punjab","3","Shahid Bhagat Singh Nagar","40","Alowal-Pz","31.02778","76.21389","Indus (Up To Border)","Sutlaj Lower","CGWB","6.0","-0.5"
"2013-01-06","Odisha","21","Kendrapara","360","Rajnagar-R","20.57306","86.71083","Brahmani And Baitarni","Brahmani","CGWB","3.6","0.71"
"2021-01-09","Odisha","21","Sonepur","372","Saledi","20.95778","83.80361","Mahanadi","Mahanadi Lower","CGWB","4.64","1.41"
"2015-11-04","Punjab","3","Hoshiarpur","33","Fattowal-Pz","31.57917","75.76389","Indus (Up To Border)","Beas","CGWB","23.9","0.5"
"2022-11-08","Tamil Nadu","33","Cuddalore","570","Kurinjipadi","11.5625","79.59167","East Flowing Rivers Between Pennar And Kanyakumari","Ponnaiyar And Other","CGWB","4.94","4.09"
"2023-01-27","Tamil Nadu","33","Cuddalore","570","Maruthur2","11.49222","79.60278","East Flowing Rivers Between Pennar And Kanyakumari","Ponnaiyar And Other","CGWB","6.64","2.21"
"2019-11-09","Maharashtra","27","Chandrapur","473","Nagbhir","20.58333","79.66667","Godavari","Weinganga","CGWB","2.5","1.1"
"2018-04-19","West Bengal","19","Malda","316","Milky","25.02722","88.0","Ganga","Bhagirathi And Others (Ganga Lower)","CGWB","6.28","-0.2"
"2017-11-04","Karnataka","29","Belagavi","527","Hattargi","16.13333","74.5","Krishna","Krishna Upper","CGWB","8.33","-2.37"
"2014-03-30","Tamil Nadu","33","Sivaganga","585","Singapuneri","10.18417","78.42361","East Flowing Rivers Between Pennar And Kanyakumari","Pamba And Others","CGWB","8.7","1.25"
"2017-01-04","Haryana","6","Kaithal","66","Dorana Pz","29.51861","76.48194","Area Of Inland Drainage In Rajasthan","Area Of Inland Drainage In Rajasthan","CGWB","30.05","4.29"
"2019-11-20","West Bengal","19","Paschim Medinipur","318","Chandrakona Rd.","22.73333","87.35","Ganga","Damodar","CGWB","4.54","1.15"
"2018-01-09","Odisha","21","Balangir","345","Madiapali","20.74111","83.49556","Mahanadi","Mahanadi Lower","CGWB","4.12","1.8"
"2022-01-11","Uttar Pradesh","9","Deoria","137","Deoria2","26.52917","83.77222","Ganga","Ghaghara","CGWB","2.47","-0.83"
"2015-01-04","Maharashtra","27","Ahmednagar","466","Chichondi Patil","19.00139","74.91667","Krishna","Bhima Upper","CGWB","6.85","-7.35"
"2015-11-08","Madhya Pradesh","23","Sidhi","433","Patpara","24.485","81.89028","Ganga","Sone","CGWB","6.2","0.67"